"Company Name","Company Domain","Users","Sessions","Views"
"Abbott","abbott.com","1","2","2"
"Advent Health Medical Group","adventhealth.com","1","1","1"
"Advocate Health Care","advocatehealth.com","1","1","1"
"Aerotech, Inc.","aerotech.com","1","1","1"
"Allied Systems Company","alliedsystems.com","1","1","1"
"BC International Group, Inc","bcintlgroup.com","1","1","1"
"BOSTON PROSTHODONTICS DENTAL GROUP INCORPORATED","bostonprosthodontics.com","1","1","1"
"Banner Health","bannerhealth.com","1","1","1"
"Beltone","beltone.com","1","1","1"
"Ben E. Keith Foods","benekeith.com","1","1","1"
"Blick Center","blickcenter.org","1","1","1"
"Blue Star Ford Lincoln Sales LTD","bluestarford.com","1","1","2"
"Bracco","bracco.com","1","1","1"
"Bridge & Burn","bridgeandburn.com","1","1","1"
"CNH Industrial","cnh.com","1","3","8"
"Carle Health","carle.org","1","1","2"
"Caterpillar","caterpillar.com","5","6","17"
"Charleston Radiologists","charlestonradiologists.com","1","1","1"
"Children's Hospital Colorado","childrenscolorado.org","1","1","1"
"Children's Minnesota","childrensmn.org","1","2","2"
"ChristianaCare","christianacare.org","1","1","2"
"City Blue Imaging Services","cityblueimaging.com","1","1","1"
"Clayton Homes","claytonhomes.com","1","1","1"
"Comprehensive Prosthetics & Orthotics (CPO)","cpousa.com","2","4","11"
"Core Molding Technologies","coremt.com","1","1","1"
"Crouse Health","crouse.org","1","1","1"
"Cummins Inc.","cummins.com","1","1","3"
"DaVita Inc","davita.com","1","1","1"
"Dr. Reddy's Laboratories","drreddys.com","1","1","3"
"Dude Products","dudeproducts.com","1","1","1"
"E.D. Etnyre","etnyre.com","1","1","2"
"Edwards Lifesciences Corporation","edwards.com","1","1","3"
"Endologix LLC","endologix.com","1","1","1"
"EnviroTech Services, Inc.","envirotechservices.com","1","1","1"
"Football Fanatics","footballfanatics.com","1","1","2"
"Fresenius Medical Care","freseniusmedicalcare.com","1","1","1"
"Froedtert Health","froedtert.com","1","1","1"
"GE Healthcare","gehealthcare.com","4","5","6"
"General Dynamics Mission Systems, Inc.","gdmissionsystems.com","2","2","2"
"Global Hemp, Inc","globalhemp.com","1","1","1"
"Healthcare Management Resources","hmr.net","1","2","4"
"Hillcrest Healthcare System","hillcrest.com","1","1","1"
"Home Depot","homedepot.com","1","1","1"
"Horizon Commercial Pool Supply","horizonpoolsupply.com","1","1","1"
"Infineum","infineum.com","1","1","1"
"International","international.com","2","2","3"
"Janicki Industries","janicki.com","1","2","2"
"KAMAX","kamax.com","1","1","1"
"KEG","kegsteakhouse.com","1","1","3"
"Kreativa-gourmet","kreativa-gourmet.com","1","1","1"
"Kwik Trip, Inc.","kwiktrip.com","1","1","1"
"LifeStance Health","lifestance.com","1","1","2"
"Mobile Aspects","mobileaspects.com","1","1","1"
"Mustang Cat","mustangcat.com","1","1","2"
"NVIDIA Corporation","nvidia.com","1","1","3"
"Nestle","nestle.com","1","1","2"
"Nidec","nidec.com","1","1","1"
"North Swindon Practice Group Surgery","nhs.net","1","1","3"
"Northwestern Medicine","nm.org","1","1","1"
"OSF Healthcare System","osfhealthcare.org","5","7","19"
"Ochsner Health","ochsner.org","2","2","2"
"Oliver Wyman","oliverwyman.com","2","2","2"
"Oshkosh","oshkoshcorp.com","2","2","2"
"Owensboro Health","owensborohealth.org","1","1","2"
"PD-Rx Pharmaceuticals, Inc","pdrx.com","1","1","1"
"Petaio","petaio.com","1","2","3"
"Piedmont","piedmont.org","1","1","1"
"Plural","plural.pt","1","2","2"
"SI-BONE","si-bone.com","1","1","1"
"Sanofi","sanofi.com","1","1","1"
"Senderra Rx Specialty Pharmacy","senderrarx.com","1","1","1"
"Spectrum Health Systems, Inc.","spectrumhealthsystems.org","1","1","1"
"Stepan Company","stepan.com","1","2","2"
"Superior Essex","superioressex.com","1","1","1"
"Target Brands, Inc","target.com","5","5","6"
"Tata Motors","tatamotors.com","1","1","1"
"Texoma Medical Center","texomamedicalcenter.net","1","1","1"
"The Sherwin-Williams Company","sherwin-williams.com","1","1","1"
"True North Wilderness Program","truenorthwilderness.com","1","1","1"
"United HealthCare Services, Inc.","uhc.com","2","2","2"
"Unity Manufacturing Company","unityusa.com","1","1","1"
"Universal Renewables","universalrenewables.com","1","1","1"
"Vieworks","vieworks.com","1","1","1"
"Wabtec Corporation","wabteccorp.com","1","1","1"
"Warn Industries","warn.com","1","1","1"
"World Market","worldmarket.com","2","3","6"
"Zistos","zistos.com","1","1","1"
